{"balance":999891647.0000002,"assets":{"1":1.000000000000151,"44":0,"738":0}}